,url
0,https://www.factorybuys.com.au/products/euro-top-mattress-king
1,https://dunlin.com.au/products/beadlight-cirrus
2,https://themodern.net.au/products/hamar-plant-stand-ash
3,https://furniturefetish.com.au/products/oslo-office-chair-white
4,https://interiorsonline.com.au/products/interiors-online-gift-card
5,https://livingedge.com.au/products/tables/dining
6,https://www.knoll.com/design-plan/products/by-designer/knoll
7,https://www.balirepublic.com.au/products/fabric-cleaner
8,https://vastinterior.com.au/products/samson-daybed-single-2
9,https://www.hudsonfurniture.com.au/products/string-weave-timber-stool
10,https://dhfonline.com/products/gift-card
11,https://www.tandemarbor.com/products/kaiser-box-bed-blush-plush-velvet
12,https://www.perchfurniture.com/products/hoyt-chair
13,https://curiousgrace.com.au/products/cleo-desk-lamp
14,https://www.theinside.com/products/x-bench-onyx-austin-stripe-by-old-world-weavers/PTM_XBench_OnyxAustinStripeByOldWorldWeavers
15,https://pinchdesign.com/products/yves-desk
16,https://www.do-shop.com/products/gift-card
17,https://claytongrayhome.com/products/palecek-coco-ruffle-mirror
18,https://dfohome.com/products/patio-furniture/swings/all-swings
19,https://www.kmpfurniture.com/fire_collection/products/beds_80.html
20,https://www.furnitureworldgalleries.com/products/
21,https://www.theguestroomfurniture.com/products/
22,https://www.danishinspirations.com/products/products/bedroom/page/3/
23,https://columbineshowroom.com/products/
24,https://galvinbrothers.co.uk/products/alfandbud
25,https://tyfinefurniture.com/products/enso-platform-bed
26,https://blupeter.com.au/products/tulip-object
27,https://www.cranmorehome.com.au/products/gift-card
28,https://www.vavoom.com.au/products/ebony-chest
29,https://www.goodwoodfurniture.com.au/products/wardrobes/colonial-robe/
30,https://www.loungesplus.com.au/products/baird-fabric-lounge-package
31,https://www.yellowleafhammocks.com/products/hammock-gift-card
32,https://asplundstore.se/products/fish-bricka
33,https://distinctive-interiors.com/products/
34,https://www.comfortfurniture.com.sg/sale/products/office
35,https://www.hipvan.com/products/sleep-mattress?ref=nav_dropdown
36,https://kokocollective.com.au/products/esme-natural-rattan-day-bed
37,https://www.warmnordic.com/global/products/news
38,https://www.royaloakfurniture.co.uk/products/pop-bench
39,https://mulamu.com/products/membership
40,https://www.waynesfinefurnitureandbedding.com/search/products/?s=power+recliners&pp=120
41,https://theodores.com/products/
42,https://www.theoakfurnitureshop.com/products/country-trend-solid-oak-tv-stand-51/
43,https://www.jensen-lewis.com/products/guardsman-gold-complete-plan
44,https://shophorne.com/products/sarpaneva-cast-iron-casserole
45,https://cultdesign.co.nz/products/molloy-chair
46,https://www.gloster.com/en/products/materials/teak
47,https://www.normann-copenhagen.com/en/en/products/tivoli/lamps/toli-lamp--20-cm-eu-5005028
48,https://allwoodfurn.com/products/group-119-rustic-two-tone-gathering-table-and-barstools
49,https://lostine.com/products/jack-chairs
50,https://www.somedaydesigns.co.uk/products/muuto-tip-lamp?variant=513748041743
51,https://www.mainecottage.com/collections/workspace/products/big-cay-desk
52,https://www.antoninimodernliving.com/products/
53,https://vancouverwoodworks.com/products/aamerica-wslcb5091
54,https://www.kannoa.com/products/lipa-barstool
55,https://furnitureoutletnc.com/products/deluxe-full-mattress
56,https://www.thefurnituremegastore.co.uk/products/noir-80x180-cm-wall-mirror
57,https://eurolivingfurniture.com/products/746-writing-desk
58,https://www.efurnitureny.com/products/wardrobes-and-closets/wardrobe-closet-and-armoires
59,https://hauslondon.com/products/gift-card
60,https://allworldfurniture.com/products/sallie-stool&via=http://www.twitter.com/alworldfurnitur&text=Euro%20Style%20Sallie%20Accent%20Stool
61,https://decorium.us/products/costa-adjustable-barstool
62,https://www.softsquare.com/collections/usm-haller/products/usm-haller-media-o1
63,https://qualitywoods.com/products/qw-amish-mckee-6pc-dining-set?variant=31793708105810
64,https://americanbackyard.com/products/gift-card
65,https://craftassociatesfurniture.com/products/craft-associates-wool-lounge-chairs-1519
66,https://huset-shop.com/products/gift-card
67,https://www.scotmeachamwoodhome.com/products/hodges-tweed
68,https://www.espasso.com/products/tearsheet/1815
69,https://sika-design.com/products/belladonna-nature
70,https://www.dimshome.com/products/eave-desk
71,https://thebellacottage.com/products/barrel-bar
72,https://www.skandium.com/products/ch24-soft
73,https://www.woodwaves.com/products/gray-floating-tv-stand-entertainment-center-eco-geo-lakewood
74,https://jeremiahcollection.com/products/record-storage-console
75,https://thefinestore.com/products/gift-card
76,http://oot-oot.com/products/
77,https://lorfords.com/collections/the-armchair-collection/products/the-bayswater-armchair
78,https://pastperfect.sg/products/
79,https://classicwithatwist.com.au/products/1900-bench
80,https://thebanyantree.com.au/products/gift-card
81,https://ardoutdoor.com/products/
82,https://tabularasa-furniture.com/collections/frontpage/products/ohmm-fiesta
83,https://livingbydesign.net.au/products/sorensen-teak-bench-seat-dining
84,https://www.living-home.co.uk/products/58-07-valencia-side-table
85,https://relm.com.au/products/
86,https://www.harpersproject.com/products/marble-stool
87,https://www.bellus.com/products/
88,https://modernkomfort.ca/products/glen
89,https://www.aarniooriginals.com/collections/shop/products/pony
90,https://chansfurniture.com/products/copy-of-42-tennant-brand-modern-style-beatrice-bathroom-sink-vanity-tb-9433-v42-wenge-color
91,https://hedgehousefurniture.com/products/windsor-bed
92,https://shop.vanillawood.com/products/plume-wallpaper
93,http://modliving.com.ph/products/
94,https://oakforless.com/products/gift-card
95,https://www.castlery.com/products/spot-shelf
96,https://homestreethome.ie/products/zinc-tray
97,https://www.myconcept.com.hk/products/moo
98,https://vauntdesign.com/products/forna-plant-stand-small
99,https://asianteakfurniture.com/products/bali-teak-bench-atf388
100,https://furnitica-vinova.myshopify.com/products/enim-donec-pede
101,https://mikazahome.ca/products/page/4/
102,https://barnabylane.com.au/products/spensley-tan
103,https://www.modernfurniture.com.au/collections/on-sale/products/vision-suspended-sunbed
104,https://teak-furniture-singapore.com/products/sweden-side-table
105,https://www.countrysideamishfurniture.com/products/home-entertainment-centers/all/P40
106,https://www.modishstore.com/products/twos-company-sunburst-antiqued-gold-wall-mirror
107,https://loft-theme-demo-nashville.myshopify.com/products/black-chair
108,https://teakco.com/products/amsterdam-2-drawer-bedside-table-tek168bs-002-ta
109,https://big-sale-furniture.com/products/amsterdam-bench-150-x-35-be-150-35-ta
110,https://taktcph.com/products/
111,https://www.blackmango.com.au/products/gift-card
112,https://candb.ca/products/10-gel-memory-foam-mattress
113,https://thonet.co.nz/products/all
114,https://taeillo.com/products/ada
115,https://ubikhome.co.za/products/ada-tv-stand
116,https://vintage-etc.com/products/tabeni-coat-stand
117,https://www.hamac-shop.be/products/hamac-brasil-xxl-vert
118,https://ikonitaly.com/products/minimaproject-chieut-table
119,https://www.oakvillage.co.uk/products/woburn-painted-wine-rack%20via%20@//twitter.com/oakvillage
120,https://waltercox.co.uk/products/
121,http://www.diamondfurniturepremier.com/products/
122,https://www.212concept.com/products/ikon-sofa
123,https://www.couchpotatocompany.com/collections/best-sellers/products/ro-armchair
124,https://mueblesitaliano.ph/products/
125,https://www.laura-james.co.uk/products/coffee-table-corona
126,https://mossgardenhome.com/products/woodland-puzzle
127,https://lesa.com.my/website2019/products/living/
128,https://www.mydiscountmalta.com/products/mdm-wardrobe
129,http://www.muuduufurniture.com/products/frame-material/wood/
130,https://ifurnituresupply.com/products/spray-adhesive
131,https://lazysusansusa.com/products/ls-16-myr-16-inches-in-diameter
132,https://www.willowcreekteak.com/products/8pc-venice
133,https://www.furnitureworldsaskatoon.com/products/
134,https://hklivingusa.com/products/marble-terrazzo-board-multi-color
135,https://scenicdecor.ca/products/grasshopper-storage-bin
136,https://www.18karatstore.com/collections/new/products/argea
137,https://varkoa.com/products/sven-chair
138,https://www.insaraf.com/products/solid-wood-coasters
139,https://www.nsquarestudio.com/products/odin-bedside-table
140,https://lovenlight.eu/products/page/3/
141,http://www.komodromos.com.cy/products/special-offers/page/2/
142,https://scanteak.com.sg/products/apen-bookcase
143,http://roomyroom.com/collections/writing-table/products/french-riviera-paris-3-drawer-desk-rmy238
144,https://www.finnavenue.com/products/carrara-round-dining-table
145,https://singapore-furniture-sale.com/products/naples-teak-coffee-table-40x60x100-sfs638ct-000-ta
146,https://1outdoorfurniture.com/products/asmund-outdoor-console-table-with-2-sink-set-1tf168inx-console-table-2-sink-set
147,https://wholesaleclassicfurniture.com/products/lyon-french-victorian-lamp-table-bedside-timber-bedside-table-white-wcf168bs-101-pn-wh_1
148,https://www.novena.com.sg/collections/stayhome-collection-for-immediate-delivery/products/altas-dining-set-solid-wood
149,https://taylorbdesign.com/products/hb-1441
150,https://houseofanli.com/products/gift-card
151,https://hemma.sg/products/flower-planter?_pos=1&_sid=7be5737ba&_ss=r
152,https://wholesaleteakcompany.com/collections/frontpage/products/sonoma-los-angeles-mirror-back-teak-glass-display-cabinet-wtc288dc-200-mr-pnm
153,https://www.bibliotek.co/collections/featured/products/bird-oak-large
154,https://www.vetrohome.com/products/dice-sofa
155,https://gingerjarfurniture.com/products/page/3/
156,https://alteriors.ca/collections/herman-miller/products/nelson-saucer-bubble-lamp
157,https://www.eurohausfurniture.com/products/novaluna-parigi-platform-bed
158,https://www.ultimateliving.co.nz/products/adam
159,https://www.rimufurniture.co.nz/products/riviera-1900-hutch-2/
160,https://www.zavedo.nz/collections/wall-hooks/products/soho-hook-50
161,https://www.lujo.co.nz/products/bean-bag-hook
162,https://www.lujoliving.com/products/bean-bag-hook
163,https://wrightsfurnitures.com/products/
164,https://modernhomefurniture.com.au/products/albert-sofa
165,https://www.konfoliving.com/products/miami-bean-bag-chair
166,https://www.zipchair.com/products/stealth-recliner-with-boston-bruins-logo
167,https://gousesfurniture.com/products/
168,https://dkmodernfurniture.com/products/novah-desks?variant=20650194534470
169,http://position-collective.com/skill/products/
170,https://driftingwood.in/products/driftingwood-room-garden-love-folding-table-black
171,https://jubileefurniturelv.com/products/anette-modern-leather-bed
172,https://www.madebyhame.com/products/ladder
173,https://www.skyhomedecor.com/collections/kids/products/the-rug-market-doodle-71287-area-rug
174,https://interiorsinvogue.com/products/side-sofa-table-silver-finish-har189
175,https://rileysrealwood.com/products/detail/magnistretch-12
176,https://homedesires.com/products/gift-card
177,https://centralcoastfurniture.com/collections/desks/products/lewis-desk
178,https://www.henryandoliverco.com/products/gift-vouchers
179,https://outonthepatio.com.au/products/aria
180,https://elephanthead.co.uk/products/colourful-markers-cushion-cover
181,https://www.coolstuffandaccessories.com/products/white-wood-dining-table
182,https://ifortifi.ca/products/pl103
183,https://french-classic-furniture.com/products/french-round-back-dining-chair-white-fcf688ch-000-rd-qa-wh_1
184,https://www.loomlan.com/collections/modern-furniture-sofa-loveseat-tufted-leather-blue-velvet/products/dean-92-california-casual-sofa
185,https://plankandpipe.co.uk/products/copper-pipe-clothes-hanger-hooks
186,https://modholic.com/products/tulip-bar-table
187,https://yoyo.co.nz/products/yoyo-gift-voucher
188,https://panana.co.uk/products/3-seater-sofa-bed
189,https://mahliainteriors.com.au/collections/mothers-day-15-off-sale/products/bone-inlay-floral-box-black
190,https://choufani.com/products/primavera-bed
191,https://copperbarnhome.com/products/gift-card
192,https://www.ofo.com.au/products/hanging-pod-chair
193,https://www.furniturecontracts.com.au/products/
194,https://www.innerspace.net.au/products/STOOLS-5414
195,https://americanwholesalefurniturewi.com/products/
196,https://www.mykahome.com.au/products/zee-back-cushion
197,https://www.naturalgeo.com/products/natural-geo-jasmine-modern-wavy-abstract-gray-black-area-rug
198,https://home-evolution.com/products/one-storys-not-enough/
199,https://hamptonsstyle.com.au/products/hamptons-style-gift-card
200,https://www.blockandchisel.co.za/products/special-features/promotion-53
201,https://mintffe.com.au/products/
202,https://www.smallspaceplus.com/products/scube
203,https://welcometohome.com.au/products/peyton
204,https://www.totemroad.com/products/gift-card
205,https://whataroom.com/collections/new-arrival-rugs/products/arsene-r3475-aqu000
206,https://jeffjonesfurniture.net/products/Ashley-Furniture/ashley/b69746.html
207,https://www.byronbayhangingchairs.com.au/products/weekender
208,https://www.homebarsusa.com/products/howard-miller-niagara-bar-693-001
209,https://www.wellhunghammocks.com/products/mexican-hammock
210,https://midcenturymasters.com/products/sculptural-ebonized-credenza-with-silver-leafed-front
211,https://primrosehomeware.co.uk/products/pulley-clothes-airer-5-lath
212,https://www.ledecostyle.com/collections/featured-products/products/1970s-sputnik-suspension-lamp-made-in-murano-in-star-form
213,https://www.classic2modern.com/products/100-sofa
214,https://www.mrandmrswhite.net/products/gift-card-2
215,https://www.theteakplace.com.au/products/garden-bench-cushions
216,https://www.mymoderndecor.com/sales@mymoderndecor.com/products/slim-bookcase-800923
217,https://lamporia.com/products/tbl4229a
218,https://reecefurniture.com/products/jonkoping-sofa
219,https://ulfertskids.com/products/rectangle-6
220,https://www.thecurious.mx/collections/products/products/arcos-chair
221,https://www.prestige-affairs.com/products/wishbone-y-chair
222,https://www.wbjamieson.com/products/string-system
223,https://www.canvasinteriors.com/collections/rugs/products/lia
224,https://www.sunshinefurniture.com.au/products/albert-sofa
225,https://finditstyleithome.com.au/products/dahlia-mirror-gold-1
226,https://medleyhome.com/products/ridge-accent-chair
227,https://shop.humblecrew.com/products/lucky-theory-metal-chair
228,https://woodshopfogoisland.ca/products/bertha-chair
229,https://www.thefurniturefactory.org.uk/products/warwick-dining-set
230,https://tiger-oak.com/products/skovby-portable-bar
231,https://www.georgestreet.co.uk/products/e1-flush-3-light-ceiling-light/
232,https://jordansinteriors.ca/products/park-slope-desk
233,https://coastalhomecollective.com.au/products/wooden-tray
234,https://bestfurniture.co.nz/products/linea-sideboard
235,https://adona.in/products/adona-adonica-fusion-king-bed-plywood
236,https://shop.gubi.com/products/epic-dining-table
237,https://nativelifestyle.co.uk/products/cons-cesar01
238,https://bohincstudio.com/collections/vases/products/jupiter-vase
239,https://www.saladinostyle.com/products/nature
240,https://finelinefurnitureandaccessories.com/products/colosso-woven-neoprene-hand-knotted-basket
241,https://camerichseattle.com/products/rugs/
242,https://donar.si/products/collodi
243,https://www.gblfurniture.com/products/provence-1door-cabinet
244,https://www.thechesterfieldshop.com/products/sofas/
245,https://www.hopperstudio.com/products/sofia-nightstand
246,https://hilaryandflo.co.uk/products/nice-print
247,https://pepegarden.co.uk/products/erica-park-bench
248,https://shannonsales.co.uk/products/special-offers/special-offers-and-sale-items/
249,https://settlehome.co.uk/products/double-pair-of-triple-pinch-pleat-curtains-in-zoffany
250,https://thefurniture-house.co.uk/products/new-grey-recliner-sofa
251,https://www.dillamores.co.uk/products/claremont-two-seater-sherborne/
252,https://www.askewsfurniture.co.uk/products/disposal-of-old-mattress
253,https://www.theurbaneditions.com/products/marston-wide-desk-on-minimalist-square-legs
254,https://furniturevilla.co.uk/products/living-room-furniture/desk
255,https://www.grandadsshedbrigg.co.uk/products/living/east-indies-living/
256,https://hanchicsfurniture.co.uk/products/stag-f-b-sideboard
257,https://www.nabisottomanfurniture.co.uk/products/chesterfield-diamante-bed-frame
258,https://www.reckageathome.co.uk/products/re014
259,https://www.abowed.co.uk/products/oak-four-poster-bed
260,https://ashtonandcoleman.co.uk/products/tables/lamp-table
261,https://chelseafurnishings.co.uk/products/ashton-range
262,https://www.onlydiningchairs.com.au/products/wooden-velvet-retro-grey-dining-chair
263,https://www.collectioni.com/products/noahs-ark-lounge-swivel-chair
264,https://squarehome.com/products/
265,https://signaturefinefurniture.ca/products/jacobson-bed
266,https://furnituremama.com/products/three-door-wardrobe-mirror-2
267,https://gfurniture.ca/products/
